year,event,code,title,categories,hardware_hints,source,source_path,source_url
1994,national,A,简易数控直流电源,power-electronics,power-stage,chenshuo-nuedc,1994_A题_简易数控直流电源.pdf,https://github.com/chenshuo/nuedc/blob/main/docs/problems/1994_A%E9%A2%98_%E7%AE%80%E6%98%93%E6%95%B0%E6%8E%A7%E7%9B%B4%E6%B5%81%E7%94%B5%E6%BA%90.pdf
1994,national,B,多路数据采集系统,digital-systems-fpga,general-embedded,chenshuo-nuedc,1994_B题_多路数据采集系统.pdf,https://github.com/chenshuo/nuedc/blob/main/docs/problems/1994_B%E9%A2%98_%E5%A4%9A%E8%B7%AF%E6%95%B0%E6%8D%AE%E9%87%87%E9%9B%86%E7%B3%BB%E7%BB%9F.pdf
1995,national,A,实用低频功率放大器,power-electronics;analog-rf,general-embedded,chenshuo-nuedc,1995_A题_实用低频功率放大器.pdf,https://github.com/chenshuo/nuedc/blob/main/docs/problems/1995_A%E9%A2%98_%E5%AE%9E%E7%94%A8%E4%BD%8E%E9%A2%91%E5%8A%9F%E7%8E%87%E6%94%BE%E5%A4%A7%E5%99%A8.pdf
1995,national,B,实用信号源的设计和制作,analog-rf,general-embedded,chenshuo-nuedc,1995_B题_实用信号源的设计和制作.pdf,https://github.com/chenshuo/nuedc/blob/main/docs/problems/1995_B%E9%A2%98_%E5%AE%9E%E7%94%A8%E4%BF%A1%E5%8F%B7%E6%BA%90%E7%9A%84%E8%AE%BE%E8%AE%A1%E5%92%8C%E5%88%B6%E4%BD%9C.pdf
1995,national,C,简易无线电遥控系统,communications-network,rf-front-end,chenshuo-nuedc,1995_C题_简易无线电遥控系统.pdf,https://github.com/chenshuo/nuedc/blob/main/docs/problems/1995_C%E9%A2%98_%E7%AE%80%E6%98%93%E6%97%A0%E7%BA%BF%E7%94%B5%E9%81%A5%E6%8E%A7%E7%B3%BB%E7%BB%9F.pdf
1995,national,D,简易电阻 电容和电感测试仪,instrumentation,precision-analog,chenshuo-nuedc,1995_D题_简易电阻_电容和电感测试仪.pdf,https://github.com/chenshuo/nuedc/blob/main/docs/problems/1995_D%E9%A2%98_%E7%AE%80%E6%98%93%E7%94%B5%E9%98%BB_%E7%94%B5%E5%AE%B9%E5%92%8C%E7%94%B5%E6%84%9F%E6%B5%8B%E8%AF%95%E4%BB%AA.pdf
1997,national,A,直流稳定电源,power-electronics,power-stage,chenshuo-nuedc,1997_A题_直流稳定电源.pdf,https://github.com/chenshuo/nuedc/blob/main/docs/problems/1997_A%E9%A2%98_%E7%9B%B4%E6%B5%81%E7%A8%B3%E5%AE%9A%E7%94%B5%E6%BA%90.pdf
1997,national,B,简易数字频率计,instrumentation,general-embedded,chenshuo-nuedc,1997_B题_简易数字频率计.pdf,https://github.com/chenshuo/nuedc/blob/main/docs/problems/1997_B%E9%A2%98_%E7%AE%80%E6%98%93%E6%95%B0%E5%AD%97%E9%A2%91%E7%8E%87%E8%AE%A1.pdf
1997,national,C,水温控制系统,control-robotics,general-embedded,chenshuo-nuedc,1997_C题_水温控制系统.pdf,https://github.com/chenshuo/nuedc/blob/main/docs/problems/1997_C%E9%A2%98_%E6%B0%B4%E6%B8%A9%E6%8E%A7%E5%88%B6%E7%B3%BB%E7%BB%9F.pdf
1997,national,D,调幅广播收音机,analog-rf,rf-front-end,chenshuo-nuedc,1997_D题_调幅广播收音机.pdf,https://github.com/chenshuo/nuedc/blob/main/docs/problems/1997_D%E9%A2%98_%E8%B0%83%E5%B9%85%E5%B9%BF%E6%92%AD%E6%94%B6%E9%9F%B3%E6%9C%BA.pdf
1999,national,A,测量放大器,analog-rf;instrumentation,precision-analog,chenshuo-nuedc,1999_A题_测量放大器.pdf,https://github.com/chenshuo/nuedc/blob/main/docs/problems/1999_A%E9%A2%98_%E6%B5%8B%E9%87%8F%E6%94%BE%E5%A4%A7%E5%99%A8.pdf
1999,national,B,数字式工频有效值多用表,instrumentation;digital-systems-fpga,general-embedded,chenshuo-nuedc,1999_B题_数字式工频有效值多用表.pdf,https://github.com/chenshuo/nuedc/blob/main/docs/problems/1999_B%E9%A2%98_%E6%95%B0%E5%AD%97%E5%BC%8F%E5%B7%A5%E9%A2%91%E6%9C%89%E6%95%88%E5%80%BC%E5%A4%9A%E7%94%A8%E8%A1%A8.pdf
1999,national,C,频率特性测试仪,instrumentation,precision-analog,chenshuo-nuedc,1999_C题_频率特性测试仪.pdf,https://github.com/chenshuo/nuedc/blob/main/docs/problems/1999_C%E9%A2%98_%E9%A2%91%E7%8E%87%E7%89%B9%E6%80%A7%E6%B5%8B%E8%AF%95%E4%BB%AA.pdf
1999,national,D,短波调频接收机,analog-rf,rf-front-end,chenshuo-nuedc,1999_D题_短波调频接收机.pdf,https://github.com/chenshuo/nuedc/blob/main/docs/problems/1999_D%E9%A2%98_%E7%9F%AD%E6%B3%A2%E8%B0%83%E9%A2%91%E6%8E%A5%E6%94%B6%E6%9C%BA.pdf
1999,national,E,数字化语音存储与回放系统,digital-systems-fpga,audio-chain,chenshuo-nuedc,1999_E题_数字化语音存储与回放系统.pdf,https://github.com/chenshuo/nuedc/blob/main/docs/problems/1999_E%E9%A2%98_%E6%95%B0%E5%AD%97%E5%8C%96%E8%AF%AD%E9%9F%B3%E5%AD%98%E5%82%A8%E4%B8%8E%E5%9B%9E%E6%94%BE%E7%B3%BB%E7%BB%9F.pdf
2001,national,A,波形发生器,integrated-system,high-speed-sampling,chenshuo-nuedc,2001_A题_波形发生器.pdf,https://github.com/chenshuo/nuedc/blob/main/docs/problems/2001_A%E9%A2%98_%E6%B3%A2%E5%BD%A2%E5%8F%91%E7%94%9F%E5%99%A8.pdf
2001,national,B,简易数字存储示波器,instrumentation,high-speed-sampling,chenshuo-nuedc,2001_B题_简易数字存储示波器.pdf,https://github.com/chenshuo/nuedc/blob/main/docs/problems/2001_B%E9%A2%98_%E7%AE%80%E6%98%93%E6%95%B0%E5%AD%97%E5%AD%98%E5%82%A8%E7%A4%BA%E6%B3%A2%E5%99%A8.pdf
2001,national,C,自动往返电动小汽车,control-robotics,general-embedded,chenshuo-nuedc,2001_C题_自动往返电动小汽车.pdf,https://github.com/chenshuo/nuedc/blob/main/docs/problems/2001_C%E9%A2%98_%E8%87%AA%E5%8A%A8%E5%BE%80%E8%BF%94%E7%94%B5%E5%8A%A8%E5%B0%8F%E6%B1%BD%E8%BD%A6.pdf
2001,national,D,高效率音频功率放大器,power-electronics;analog-rf,audio-chain,chenshuo-nuedc,2001_D题_高效率音频功率放大器.pdf,https://github.com/chenshuo/nuedc/blob/main/docs/problems/2001_D%E9%A2%98_%E9%AB%98%E6%95%88%E7%8E%87%E9%9F%B3%E9%A2%91%E5%8A%9F%E7%8E%87%E6%94%BE%E5%A4%A7%E5%99%A8.pdf
2001,national,E,数据采集与传输系统,communications-network;digital-systems-fpga,general-embedded,chenshuo-nuedc,2001_E题_数据采集与传输系统.pdf,https://github.com/chenshuo/nuedc/blob/main/docs/problems/2001_E%E9%A2%98_%E6%95%B0%E6%8D%AE%E9%87%87%E9%9B%86%E4%B8%8E%E4%BC%A0%E8%BE%93%E7%B3%BB%E7%BB%9F.pdf
2001,national,F,调频收音机,analog-rf,rf-front-end,chenshuo-nuedc,2001_F题_调频收音机.pdf,https://github.com/chenshuo/nuedc/blob/main/docs/problems/2001_F%E9%A2%98_%E8%B0%83%E9%A2%91%E6%94%B6%E9%9F%B3%E6%9C%BA.pdf
2003,national,A,电压控制LC振荡器,analog-rf;control-robotics,general-embedded,chenshuo-nuedc,2003_A题_电压控制LC振荡器.pdf,https://github.com/chenshuo/nuedc/blob/main/docs/problems/2003_A%E9%A2%98_%E7%94%B5%E5%8E%8B%E6%8E%A7%E5%88%B6LC%E6%8C%AF%E8%8D%A1%E5%99%A8.pdf
2003,national,B,宽带放大器,analog-rf,general-embedded,chenshuo-nuedc,2003_B题_宽带放大器.pdf,https://github.com/chenshuo/nuedc/blob/main/docs/problems/2003_B%E9%A2%98_%E5%AE%BD%E5%B8%A6%E6%94%BE%E5%A4%A7%E5%99%A8.pdf
2003,national,C,低频数字式相位测量仪,instrumentation;digital-systems-fpga,precision-analog,chenshuo-nuedc,2003_C题_低频数字式相位测量仪.pdf,https://github.com/chenshuo/nuedc/blob/main/docs/problems/2003_C%E9%A2%98_%E4%BD%8E%E9%A2%91%E6%95%B0%E5%AD%97%E5%BC%8F%E7%9B%B8%E4%BD%8D%E6%B5%8B%E9%87%8F%E4%BB%AA.pdf
2003,national,D,简易逻辑分析仪,instrumentation;digital-systems-fpga,general-embedded,chenshuo-nuedc,2003_D题_简易逻辑分析仪.pdf,https://github.com/chenshuo/nuedc/blob/main/docs/problems/2003_D%E9%A2%98_%E7%AE%80%E6%98%93%E9%80%BB%E8%BE%91%E5%88%86%E6%9E%90%E4%BB%AA.pdf
2003,national,E,简易智能电动车,control-robotics,general-embedded,chenshuo-nuedc,2003_E题_简易智能电动车.pdf,https://github.com/chenshuo/nuedc/blob/main/docs/problems/2003_E%E9%A2%98_%E7%AE%80%E6%98%93%E6%99%BA%E8%83%BD%E7%94%B5%E5%8A%A8%E8%BD%A6.pdf
2003,national,F,液体点滴速度监控装置,sensing-vision-ai;biomedical-environmental,general-embedded,chenshuo-nuedc,2003_F题_液体点滴速度监控装置.pdf,https://github.com/chenshuo/nuedc/blob/main/docs/problems/2003_F%E9%A2%98_%E6%B6%B2%E4%BD%93%E7%82%B9%E6%BB%B4%E9%80%9F%E5%BA%A6%E7%9B%91%E6%8E%A7%E8%A3%85%E7%BD%AE.pdf
2005,national,A,正弦信号发生器,analog-rf,general-embedded,chenshuo-nuedc,2005_A题_正弦信号发生器.pdf,https://github.com/chenshuo/nuedc/blob/main/docs/problems/2005_A%E9%A2%98_%E6%AD%A3%E5%BC%A6%E4%BF%A1%E5%8F%B7%E5%8F%91%E7%94%9F%E5%99%A8.pdf
2005,national,B,集成运放参数测试仪,instrumentation,precision-analog,chenshuo-nuedc,2005_B题_集成运放参数测试仪.pdf,https://github.com/chenshuo/nuedc/blob/main/docs/problems/2005_B%E9%A2%98_%E9%9B%86%E6%88%90%E8%BF%90%E6%94%BE%E5%8F%82%E6%95%B0%E6%B5%8B%E8%AF%95%E4%BB%AA.pdf
2005,national,C,简易频谱分析仪,analog-rf;instrumentation,high-speed-sampling,chenshuo-nuedc,2005_C题_简易频谱分析仪.pdf,https://github.com/chenshuo/nuedc/blob/main/docs/problems/2005_C%E9%A2%98_%E7%AE%80%E6%98%93%E9%A2%91%E8%B0%B1%E5%88%86%E6%9E%90%E4%BB%AA.pdf
2005,national,D,单工无线呼叫系统,communications-network,rf-front-end,chenshuo-nuedc,2005_D题_单工无线呼叫系统.pdf,https://github.com/chenshuo/nuedc/blob/main/docs/problems/2005_D%E9%A2%98_%E5%8D%95%E5%B7%A5%E6%97%A0%E7%BA%BF%E5%91%BC%E5%8F%AB%E7%B3%BB%E7%BB%9F.pdf
2005,national,E,悬挂运动控制系统,control-robotics,general-embedded,chenshuo-nuedc,2005_E题_悬挂运动控制系统.pdf,https://github.com/chenshuo/nuedc/blob/main/docs/problems/2005_E%E9%A2%98_%E6%82%AC%E6%8C%82%E8%BF%90%E5%8A%A8%E6%8E%A7%E5%88%B6%E7%B3%BB%E7%BB%9F.pdf
2005,national,F,数控直流电流源,power-electronics,general-embedded,chenshuo-nuedc,2005_F题_数控直流电流源.pdf,https://github.com/chenshuo/nuedc/blob/main/docs/problems/2005_F%E9%A2%98_%E6%95%B0%E6%8E%A7%E7%9B%B4%E6%B5%81%E7%94%B5%E6%B5%81%E6%BA%90.pdf
2005,national,G,三相正弦波变频电源,power-electronics,power-stage,chenshuo-nuedc,2005_G题_三相正弦波变频电源.pdf,https://github.com/chenshuo/nuedc/blob/main/docs/problems/2005_G%E9%A2%98_%E4%B8%89%E7%9B%B8%E6%AD%A3%E5%BC%A6%E6%B3%A2%E5%8F%98%E9%A2%91%E7%94%B5%E6%BA%90.pdf
2007,national,A,音频信号分析仪,analog-rf;instrumentation,audio-chain,chenshuo-nuedc,2007_A题_音频信号分析仪.pdf,https://github.com/chenshuo/nuedc/blob/main/docs/problems/2007_A%E9%A2%98_%E9%9F%B3%E9%A2%91%E4%BF%A1%E5%8F%B7%E5%88%86%E6%9E%90%E4%BB%AA.pdf
2007,national,B,无线识别装置,communications-network;sensing-vision-ai,vision-compute;rf-front-end,chenshuo-nuedc,2007_B题_无线识别装置.pdf,https://github.com/chenshuo/nuedc/blob/main/docs/problems/2007_B%E9%A2%98_%E6%97%A0%E7%BA%BF%E8%AF%86%E5%88%AB%E8%A3%85%E7%BD%AE.pdf
2007,national,C,数字示波器,instrumentation,high-speed-sampling,chenshuo-nuedc,2007_C题_数字示波器.pdf,https://github.com/chenshuo/nuedc/blob/main/docs/problems/2007_C%E9%A2%98_%E6%95%B0%E5%AD%97%E7%A4%BA%E6%B3%A2%E5%99%A8.pdf
2007,national,D,程控滤波器,power-electronics;analog-rf,general-embedded,chenshuo-nuedc,2007_D题_程控滤波器.pdf,https://github.com/chenshuo/nuedc/blob/main/docs/problems/2007_D%E9%A2%98_%E7%A8%8B%E6%8E%A7%E6%BB%A4%E6%B3%A2%E5%99%A8.pdf
2007,national,E,开关稳压电源,power-electronics,power-stage,chenshuo-nuedc,2007_E题_开关稳压电源.pdf,https://github.com/chenshuo/nuedc/blob/main/docs/problems/2007_E%E9%A2%98_%E5%BC%80%E5%85%B3%E7%A8%B3%E5%8E%8B%E7%94%B5%E6%BA%90.pdf
2007,national,F,电动车跷跷板,control-robotics,general-embedded,chenshuo-nuedc,2007_F题_电动车跷跷板.pdf,https://github.com/chenshuo/nuedc/blob/main/docs/problems/2007_F%E9%A2%98_%E7%94%B5%E5%8A%A8%E8%BD%A6%E8%B7%B7%E8%B7%B7%E6%9D%BF.pdf
2007,national,G,积分式直流数字电压表,instrumentation,precision-analog,chenshuo-nuedc,2007_G题_积分式直流数字电压表.pdf,https://github.com/chenshuo/nuedc/blob/main/docs/problems/2007_G%E9%A2%98_%E7%A7%AF%E5%88%86%E5%BC%8F%E7%9B%B4%E6%B5%81%E6%95%B0%E5%AD%97%E7%94%B5%E5%8E%8B%E8%A1%A8.pdf
2007,national,H,信号发生器,analog-rf,general-embedded,chenshuo-nuedc,2007_H题_信号发生器.pdf,https://github.com/chenshuo/nuedc/blob/main/docs/problems/2007_H%E9%A2%98_%E4%BF%A1%E5%8F%B7%E5%8F%91%E7%94%9F%E5%99%A8.pdf
2007,national,I,可控放大器,analog-rf,general-embedded,chenshuo-nuedc,2007_I题_可控放大器.pdf,https://github.com/chenshuo/nuedc/blob/main/docs/problems/2007_I%E9%A2%98_%E5%8F%AF%E6%8E%A7%E6%94%BE%E5%A4%A7%E5%99%A8.pdf
2007,national,J,电动车跷跷板,control-robotics,general-embedded,chenshuo-nuedc,2007_J题_电动车跷跷板.pdf,https://github.com/chenshuo/nuedc/blob/main/docs/problems/2007_J%E9%A2%98_%E7%94%B5%E5%8A%A8%E8%BD%A6%E8%B7%B7%E8%B7%B7%E6%9D%BF.pdf
2009,national,A,光伏并网发电模拟装置,power-electronics,power-stage,nuedc-topic,2009/A_光伏并网发电模拟装置.pdf,https://github.com/CCBP/NUEDC_Topic/blob/main/2009/A_%E5%85%89%E4%BC%8F%E5%B9%B6%E7%BD%91%E5%8F%91%E7%94%B5%E6%A8%A1%E6%8B%9F%E8%A3%85%E7%BD%AE.pdf
2009,national,B,声音导引系统,sensing-vision-ai,audio-chain,nuedc-topic,2009/B_声音导引系统.pdf,https://github.com/CCBP/NUEDC_Topic/blob/main/2009/B_%E5%A3%B0%E9%9F%B3%E5%AF%BC%E5%BC%95%E7%B3%BB%E7%BB%9F.pdf
2009,national,C,宽带直流放大器,analog-rf,general-embedded,nuedc-topic,2009/C_宽带直流放大器.pdf,https://github.com/CCBP/NUEDC_Topic/blob/main/2009/C_%E5%AE%BD%E5%B8%A6%E7%9B%B4%E6%B5%81%E6%94%BE%E5%A4%A7%E5%99%A8.pdf
2009,national,D,无线环境监测模拟装置,communications-network;sensing-vision-ai;biomedical-environmental,rf-front-end,nuedc-topic,2009/D_无线环境监测模拟装置.pdf,https://github.com/CCBP/NUEDC_Topic/blob/main/2009/D_%E6%97%A0%E7%BA%BF%E7%8E%AF%E5%A2%83%E7%9B%91%E6%B5%8B%E6%A8%A1%E6%8B%9F%E8%A3%85%E7%BD%AE.pdf
2009,national,E,电能收集充电器,power-electronics,power-stage,nuedc-topic,2009/E_电能收集充电器.pdf,https://github.com/CCBP/NUEDC_Topic/blob/main/2009/E_%E7%94%B5%E8%83%BD%E6%94%B6%E9%9B%86%E5%85%85%E7%94%B5%E5%99%A8.pdf
2009,national,F,数字幅频均衡功率放大器,power-electronics;analog-rf,general-embedded,nuedc-topic,2009/F_数字幅频均衡功率放大器.pdf,https://github.com/CCBP/NUEDC_Topic/blob/main/2009/F_%E6%95%B0%E5%AD%97%E5%B9%85%E9%A2%91%E5%9D%87%E8%A1%A1%E5%8A%9F%E7%8E%87%E6%94%BE%E5%A4%A7%E5%99%A8.pdf
2009,national,G,低频功率放大器,power-electronics;analog-rf,general-embedded,nuedc-topic,2009/G_低频功率放大器.pdf,https://github.com/CCBP/NUEDC_Topic/blob/main/2009/G_%E4%BD%8E%E9%A2%91%E5%8A%9F%E7%8E%87%E6%94%BE%E5%A4%A7%E5%99%A8.pdf
2009,national,H,LED点阵书写显示屏,digital-systems-fpga,general-embedded,nuedc-topic,2009/H_LED点阵书写显示屏.pdf,https://github.com/CCBP/NUEDC_Topic/blob/main/2009/H_LED%E7%82%B9%E9%98%B5%E4%B9%A6%E5%86%99%E6%98%BE%E7%A4%BA%E5%B1%8F.pdf
2009,national,I,模拟路灯控制系统,control-robotics;biomedical-environmental,general-embedded,nuedc-topic,2009/I_模拟路灯控制系统.pdf,https://github.com/CCBP/NUEDC_Topic/blob/main/2009/I_%E6%A8%A1%E6%8B%9F%E8%B7%AF%E7%81%AF%E6%8E%A7%E5%88%B6%E7%B3%BB%E7%BB%9F.pdf
2011,national,A,开关电源模块并联供电系统,power-electronics,power-stage,nuedc-topic,2011/A_开关电源模块并联供电系统.pdf,https://github.com/CCBP/NUEDC_Topic/blob/main/2011/A_%E5%BC%80%E5%85%B3%E7%94%B5%E6%BA%90%E6%A8%A1%E5%9D%97%E5%B9%B6%E8%81%94%E4%BE%9B%E7%94%B5%E7%B3%BB%E7%BB%9F.pdf
2011,national,B,基于自由摆的平板控制系统,control-robotics,motor-drive;mechanical-system,nuedc-topic,2011/B_基于自由摆的平板控制系统.pdf,https://github.com/CCBP/NUEDC_Topic/blob/main/2011/B_%E5%9F%BA%E4%BA%8E%E8%87%AA%E7%94%B1%E6%91%86%E7%9A%84%E5%B9%B3%E6%9D%BF%E6%8E%A7%E5%88%B6%E7%B3%BB%E7%BB%9F.pdf
2011,national,C,智能小车,control-robotics,motor-drive;mechanical-system,nuedc-topic,2011/C_智能小车.pdf,https://github.com/CCBP/NUEDC_Topic/blob/main/2011/C_%E6%99%BA%E8%83%BD%E5%B0%8F%E8%BD%A6.pdf
2011,national,D,LC谐振放大器,analog-rf,general-embedded,nuedc-topic,2011/D_LC谐振放大器.pdf,https://github.com/CCBP/NUEDC_Topic/blob/main/2011/D_LC%E8%B0%90%E6%8C%AF%E6%94%BE%E5%A4%A7%E5%99%A8.pdf
2011,national,E,简易数字信号传输性能分析仪,instrumentation;communications-network;digital-systems-fpga,general-embedded,nuedc-topic,2011/E_简易数字信号传输性能分析仪.pdf,https://github.com/CCBP/NUEDC_Topic/blob/main/2011/E_%E7%AE%80%E6%98%93%E6%95%B0%E5%AD%97%E4%BF%A1%E5%8F%B7%E4%BC%A0%E8%BE%93%E6%80%A7%E8%83%BD%E5%88%86%E6%9E%90%E4%BB%AA.pdf
2011,national,F,帆板控制系统,control-robotics,general-embedded,nuedc-topic,2011/F_帆板控制系统.pdf,https://github.com/CCBP/NUEDC_Topic/blob/main/2011/F_%E5%B8%86%E6%9D%BF%E6%8E%A7%E5%88%B6%E7%B3%BB%E7%BB%9F.pdf
2011,national,G,简易自动电阻测试仪,instrumentation,precision-analog,nuedc-topic,2011/G_简易自动电阻测试仪.pdf,https://github.com/CCBP/NUEDC_Topic/blob/main/2011/G_%E7%AE%80%E6%98%93%E8%87%AA%E5%8A%A8%E7%94%B5%E9%98%BB%E6%B5%8B%E8%AF%95%E4%BB%AA.pdf
2011,national,H,波形采集、存储与回放系统,instrumentation;digital-systems-fpga,high-speed-sampling,nuedc-topic,2011/H_波形采集、存储与回放系统.pdf,https://github.com/CCBP/NUEDC_Topic/blob/main/2011/H_%E6%B3%A2%E5%BD%A2%E9%87%87%E9%9B%86%E3%80%81%E5%AD%98%E5%82%A8%E4%B8%8E%E5%9B%9E%E6%94%BE%E7%B3%BB%E7%BB%9F.pdf
2012,national,A,微弱信号检测装置,instrumentation,general-embedded,nuedc-topic,2012/A_微弱信号检测装置.docx,https://github.com/CCBP/NUEDC_Topic/blob/main/2012/A_%E5%BE%AE%E5%BC%B1%E4%BF%A1%E5%8F%B7%E6%A3%80%E6%B5%8B%E8%A3%85%E7%BD%AE.docx
2012,national,B,频率补偿电路,integrated-system,general-embedded,nuedc-topic,2012/B_频率补偿电路.docx,https://github.com/CCBP/NUEDC_Topic/blob/main/2012/B_%E9%A2%91%E7%8E%87%E8%A1%A5%E5%81%BF%E7%94%B5%E8%B7%AF.docx
2012,national,C,简易直流电子负载,power-electronics,power-stage,nuedc-topic,2012/C_简易直流电子负载.docx,https://github.com/CCBP/NUEDC_Topic/blob/main/2012/C_%E7%AE%80%E6%98%93%E7%9B%B4%E6%B5%81%E7%94%B5%E5%AD%90%E8%B4%9F%E8%BD%BD.docx
2012,national,D,声音定位系统,communications-network;sensing-vision-ai,audio-chain,nuedc-topic,2012/D_声音定位系统.docx,https://github.com/CCBP/NUEDC_Topic/blob/main/2012/D_%E5%A3%B0%E9%9F%B3%E5%AE%9A%E4%BD%8D%E7%B3%BB%E7%BB%9F.docx
2012,national,E,激光枪自动射击装置,integrated-system,general-embedded,nuedc-topic,2012/E_激光枪自动射击装置.docx,https://github.com/CCBP/NUEDC_Topic/blob/main/2012/E_%E6%BF%80%E5%85%89%E6%9E%AA%E8%87%AA%E5%8A%A8%E5%B0%84%E5%87%BB%E8%A3%85%E7%BD%AE.docx
2012,national,F,便携式脉搏测试仪,instrumentation;biomedical-environmental,precision-analog,nuedc-topic,2012/F_便携式脉搏测试仪.docx,https://github.com/CCBP/NUEDC_Topic/blob/main/2012/F_%E4%BE%BF%E6%90%BA%E5%BC%8F%E8%84%89%E6%90%8F%E6%B5%8B%E8%AF%95%E4%BB%AA.docx
2012,national,G,简易直流电子负载,power-electronics,power-stage,nuedc-topic,2012/G_简易直流电子负载.docx,https://github.com/CCBP/NUEDC_Topic/blob/main/2012/G_%E7%AE%80%E6%98%93%E7%9B%B4%E6%B5%81%E7%94%B5%E5%AD%90%E8%B4%9F%E8%BD%BD.docx
2012,national,H,线阵LED图文显示装置,integrated-system,general-embedded,nuedc-topic,2012/H_线阵LED图文显示装置.docx,https://github.com/CCBP/NUEDC_Topic/blob/main/2012/H_%E7%BA%BF%E9%98%B5LED%E5%9B%BE%E6%96%87%E6%98%BE%E7%A4%BA%E8%A3%85%E7%BD%AE.docx
2013,national,A,单相AC-DC变换电路,power-electronics,power-stage,nuedc-topic,2013/A_单相AC-DC变换电路.pdf,https://github.com/CCBP/NUEDC_Topic/blob/main/2013/A_%E5%8D%95%E7%9B%B8AC-DC%E5%8F%98%E6%8D%A2%E7%94%B5%E8%B7%AF.pdf
2013,national,B,四旋翼自主飞行器,control-robotics,motor-drive;mechanical-system,nuedc-topic,2013/B_四旋翼自主飞行器.pdf,https://github.com/CCBP/NUEDC_Topic/blob/main/2013/B_%E5%9B%9B%E6%97%8B%E7%BF%BC%E8%87%AA%E4%B8%BB%E9%A3%9E%E8%A1%8C%E5%99%A8.pdf
2013,national,C,简易旋转倒立摆及控制装置,control-robotics,motor-drive;mechanical-system,nuedc-topic,2013/C_简易旋转倒立摆及控制装置.pdf,https://github.com/CCBP/NUEDC_Topic/blob/main/2013/C_%E7%AE%80%E6%98%93%E6%97%8B%E8%BD%AC%E5%80%92%E7%AB%8B%E6%91%86%E5%8F%8A%E6%8E%A7%E5%88%B6%E8%A3%85%E7%BD%AE.pdf
2013,national,D,射频宽带放大器,analog-rf,high-speed-sampling;rf-front-end,nuedc-topic,2013/D_射频宽带放大器.pdf,https://github.com/CCBP/NUEDC_Topic/blob/main/2013/D_%E5%B0%84%E9%A2%91%E5%AE%BD%E5%B8%A6%E6%94%BE%E5%A4%A7%E5%99%A8.pdf
2013,national,E,简易频率特性测试仪,instrumentation,precision-analog,nuedc-topic,2013/E_简易频率特性测试仪.pdf,https://github.com/CCBP/NUEDC_Topic/blob/main/2013/E_%E7%AE%80%E6%98%93%E9%A2%91%E7%8E%87%E7%89%B9%E6%80%A7%E6%B5%8B%E8%AF%95%E4%BB%AA.pdf
2013,national,F,红外光通信装置,communications-network;sensing-vision-ai,rf-front-end,nuedc-topic,2013/F_红外光通信装置.pdf,https://github.com/CCBP/NUEDC_Topic/blob/main/2013/F_%E7%BA%A2%E5%A4%96%E5%85%89%E9%80%9A%E4%BF%A1%E8%A3%85%E7%BD%AE.pdf
2013,national,G,手写绘图板,integrated-system,general-embedded,nuedc-topic,2013/G_手写绘图板.pdf,https://github.com/CCBP/NUEDC_Topic/blob/main/2013/G_%E6%89%8B%E5%86%99%E7%BB%98%E5%9B%BE%E6%9D%BF.pdf
2013,national,J,电磁控制运动装置,control-robotics,general-embedded,nuedc-topic,2013/J_电磁控制运动装置.pdf,https://github.com/CCBP/NUEDC_Topic/blob/main/2013/J_%E7%94%B5%E7%A3%81%E6%8E%A7%E5%88%B6%E8%BF%90%E5%8A%A8%E8%A3%85%E7%BD%AE.pdf
2013,national,K,简易照明线路探测仪,instrumentation;biomedical-environmental,general-embedded,nuedc-topic,2013/K_简易照明线路探测仪.pdf,https://github.com/CCBP/NUEDC_Topic/blob/main/2013/K_%E7%AE%80%E6%98%93%E7%85%A7%E6%98%8E%E7%BA%BF%E8%B7%AF%E6%8E%A2%E6%B5%8B%E4%BB%AA.pdf
2013,national,L,直流稳压电源及漏电保护装置,power-electronics,power-stage,nuedc-topic,2013/L_直流稳压电源及漏电保护装置.pdf,https://github.com/CCBP/NUEDC_Topic/blob/main/2013/L_%E7%9B%B4%E6%B5%81%E7%A8%B3%E5%8E%8B%E7%94%B5%E6%BA%90%E5%8F%8A%E6%BC%8F%E7%94%B5%E4%BF%9D%E6%8A%A4%E8%A3%85%E7%BD%AE.pdf
2014,national,A,四旋翼飞行器,control-robotics,motor-drive;mechanical-system,nuedc-topic,2014/A_四旋翼飞行器.doc,https://github.com/CCBP/NUEDC_Topic/blob/main/2014/A_%E5%9B%9B%E6%97%8B%E7%BF%BC%E9%A3%9E%E8%A1%8C%E5%99%A8.doc
2014,national,B,金属物体探测定位器,communications-network,general-embedded,nuedc-topic,2014/B_金属物体探测定位器.doc,https://github.com/CCBP/NUEDC_Topic/blob/main/2014/B_%E9%87%91%E5%B1%9E%E7%89%A9%E4%BD%93%E6%8E%A2%E6%B5%8B%E5%AE%9A%E4%BD%8D%E5%99%A8.doc
2014,national,C,锁定放大器,analog-rf,general-embedded,nuedc-topic,2014/C_锁定放大器.doc,https://github.com/CCBP/NUEDC_Topic/blob/main/2014/C_%E9%94%81%E5%AE%9A%E6%94%BE%E5%A4%A7%E5%99%A8.doc
2014,national,D,音频功率放大器及啸叫抑制设计,power-electronics;analog-rf,audio-chain,nuedc-topic,2014/D_音频功率放大器及啸叫抑制设计.doc,https://github.com/CCBP/NUEDC_Topic/blob/main/2014/D_%E9%9F%B3%E9%A2%91%E5%8A%9F%E7%8E%87%E6%94%BE%E5%A4%A7%E5%99%A8%E5%8F%8A%E5%95%B8%E5%8F%AB%E6%8A%91%E5%88%B6%E8%AE%BE%E8%AE%A1.doc
2014,national,E,∑-Δ型ADC转换电路设计,digital-systems-fpga,general-embedded,nuedc-topic,2014/E_∑-Δ型ADC转换电路设计.doc,https://github.com/CCBP/NUEDC_Topic/blob/main/2014/E_%E2%88%91-%CE%94%E5%9E%8BADC%E8%BD%AC%E6%8D%A2%E7%94%B5%E8%B7%AF%E8%AE%BE%E8%AE%A1.doc
2014,national,F,电能无线传输装置,power-electronics;communications-network,rf-front-end,nuedc-topic,2014/F_电能无线传输装置.doc,https://github.com/CCBP/NUEDC_Topic/blob/main/2014/F_%E7%94%B5%E8%83%BD%E6%97%A0%E7%BA%BF%E4%BC%A0%E8%BE%93%E8%A3%85%E7%BD%AE.doc
2014,national,G,风洞控制系统- 高职,control-robotics,general-embedded,nuedc-topic,2014/G_风洞控制系统- 高职.doc,https://github.com/CCBP/NUEDC_Topic/blob/main/2014/G_%E9%A3%8E%E6%B4%9E%E6%8E%A7%E5%88%B6%E7%B3%BB%E7%BB%9F-%20%E9%AB%98%E8%81%8C.doc
2014,national,H,自动增益控制放大器- 高职,analog-rf;control-robotics,general-embedded,nuedc-topic,2014/H_自动增益控制放大器- 高职.doc,https://github.com/CCBP/NUEDC_Topic/blob/main/2014/H_%E8%87%AA%E5%8A%A8%E5%A2%9E%E7%9B%8A%E6%8E%A7%E5%88%B6%E6%94%BE%E5%A4%A7%E5%99%A8-%20%E9%AB%98%E8%81%8C.doc
2015,national,A,双向DC-DC变换器,power-electronics,power-stage,nuedc-topic,2015/A_双向DC-DC变换器.pdf,https://github.com/CCBP/NUEDC_Topic/blob/main/2015/A_%E5%8F%8C%E5%90%91DC-DC%E5%8F%98%E6%8D%A2%E5%99%A8.pdf
2015,national,B,风力摆控制系统,control-robotics,motor-drive;mechanical-system,nuedc-topic,2015/B_风力摆控制系统.pdf,https://github.com/CCBP/NUEDC_Topic/blob/main/2015/B_%E9%A3%8E%E5%8A%9B%E6%91%86%E6%8E%A7%E5%88%B6%E7%B3%BB%E7%BB%9F.pdf
2015,national,C,多旋翼自主飞行器,control-robotics,motor-drive;mechanical-system,nuedc-topic,2015/C_多旋翼自主飞行器.pdf,https://github.com/CCBP/NUEDC_Topic/blob/main/2015/C_%E5%A4%9A%E6%97%8B%E7%BF%BC%E8%87%AA%E4%B8%BB%E9%A3%9E%E8%A1%8C%E5%99%A8.pdf
2015,national,D,增益可控射频放大器,analog-rf,high-speed-sampling;rf-front-end,nuedc-topic,2015/D_增益可控射频放大器.pdf,https://github.com/CCBP/NUEDC_Topic/blob/main/2015/D_%E5%A2%9E%E7%9B%8A%E5%8F%AF%E6%8E%A7%E5%B0%84%E9%A2%91%E6%94%BE%E5%A4%A7%E5%99%A8.pdf
2015,national,E,80MHz-100MHz频谱仪,analog-rf,high-speed-sampling,nuedc-topic,2015/E_80MHz-100MHz频谱仪.pdf,https://github.com/CCBP/NUEDC_Topic/blob/main/2015/E_80MHz-100MHz%E9%A2%91%E8%B0%B1%E4%BB%AA.pdf
2015,national,F,数字频率计,instrumentation,general-embedded,nuedc-topic,2015/F_数字频率计.pdf,https://github.com/CCBP/NUEDC_Topic/blob/main/2015/F_%E6%95%B0%E5%AD%97%E9%A2%91%E7%8E%87%E8%AE%A1.pdf
2015,national,G,短距视频信号无线通信网络,communications-network,rf-front-end;network-phy,nuedc-topic,2015/G_短距视频信号无线通信网络.pdf,https://github.com/CCBP/NUEDC_Topic/blob/main/2015/G_%E7%9F%AD%E8%B7%9D%E8%A7%86%E9%A2%91%E4%BF%A1%E5%8F%B7%E6%97%A0%E7%BA%BF%E9%80%9A%E4%BF%A1%E7%BD%91%E7%BB%9C.pdf
2015,national,H,LED闪光灯电源,power-electronics,power-stage,nuedc-topic,2015/H_LED闪光灯电源.pdf,https://github.com/CCBP/NUEDC_Topic/blob/main/2015/H_LED%E9%97%AA%E5%85%89%E7%81%AF%E7%94%B5%E6%BA%90.pdf
2015,national,I,风板控制装置,control-robotics,general-embedded,nuedc-topic,2015/I_风板控制装置.pdf,https://github.com/CCBP/NUEDC_Topic/blob/main/2015/I_%E9%A3%8E%E6%9D%BF%E6%8E%A7%E5%88%B6%E8%A3%85%E7%BD%AE.pdf
2015,national,J,小球滚动控制系统,control-robotics,general-embedded,nuedc-topic,2015/J_小球滚动控制系统.pdf,https://github.com/CCBP/NUEDC_Topic/blob/main/2015/J_%E5%B0%8F%E7%90%83%E6%BB%9A%E5%8A%A8%E6%8E%A7%E5%88%B6%E7%B3%BB%E7%BB%9F.pdf
2016,national,A,降压型直流开关稳压电源,power-electronics,power-stage,nuedc-topic,2016/A_降压型直流开关稳压电源.pdf,https://github.com/CCBP/NUEDC_Topic/blob/main/2016/A_%E9%99%8D%E5%8E%8B%E5%9E%8B%E7%9B%B4%E6%B5%81%E5%BC%80%E5%85%B3%E7%A8%B3%E5%8E%8B%E7%94%B5%E6%BA%90.pdf
2016,national,B,物品分拣搬送装置,control-robotics,motor-drive;mechanical-system,nuedc-topic,2016/B_物品分拣搬送装置.pdf,https://github.com/CCBP/NUEDC_Topic/blob/main/2016/B_%E7%89%A9%E5%93%81%E5%88%86%E6%8B%A3%E6%90%AC%E9%80%81%E8%A3%85%E7%BD%AE.pdf
2016,national,C,自动循迹小车,control-robotics,motor-drive;mechanical-system,nuedc-topic,2016/C_自动循迹小车.pdf,https://github.com/CCBP/NUEDC_Topic/blob/main/2016/C_%E8%87%AA%E5%8A%A8%E5%BE%AA%E8%BF%B9%E5%B0%8F%E8%BD%A6.pdf
2016,national,D,简易电子秤,instrumentation,precision-analog,nuedc-topic,2016/D_简易电子秤.pdf,https://github.com/CCBP/NUEDC_Topic/blob/main/2016/D_%E7%AE%80%E6%98%93%E7%94%B5%E5%AD%90%E7%A7%A4.pdf
2016,national,E,脉冲信号参数测量仪,instrumentation,precision-analog,nuedc-topic,2016/E_脉冲信号参数测量仪.pdf,https://github.com/CCBP/NUEDC_Topic/blob/main/2016/E_%E8%84%89%E5%86%B2%E4%BF%A1%E5%8F%B7%E5%8F%82%E6%95%B0%E6%B5%8B%E9%87%8F%E4%BB%AA.pdf
2016,national,F,位同步时钟提取电路,communications-network,general-embedded,nuedc-topic,2016/F_位同步时钟提取电路.pdf,https://github.com/CCBP/NUEDC_Topic/blob/main/2016/F_%E4%BD%8D%E5%90%8C%E6%AD%A5%E6%97%B6%E9%92%9F%E6%8F%90%E5%8F%96%E7%94%B5%E8%B7%AF.pdf
2016,national,G,简易电子秤,instrumentation,precision-analog,nuedc-topic,2016/G_简易电子秤.pdf,https://github.com/CCBP/NUEDC_Topic/blob/main/2016/G_%E7%AE%80%E6%98%93%E7%94%B5%E5%AD%90%E7%A7%A4.pdf
2017,national,A,微电网模拟系统,power-electronics,general-embedded,nuedc-topic,2017/A_微电网模拟系统.pdf,https://github.com/CCBP/NUEDC_Topic/blob/main/2017/A_%E5%BE%AE%E7%94%B5%E7%BD%91%E6%A8%A1%E6%8B%9F%E7%B3%BB%E7%BB%9F.pdf
2017,national,B,滚球控制系统,control-robotics,mechanical-system,nuedc-topic,2017/B_滚球控制系统.pdf,https://github.com/CCBP/NUEDC_Topic/blob/main/2017/B_%E6%BB%9A%E7%90%83%E6%8E%A7%E5%88%B6%E7%B3%BB%E7%BB%9F.pdf
2017,national,C,四旋翼自主飞行器探测跟踪系统,control-robotics,motor-drive;mechanical-system,nuedc-topic,2017/C_四旋翼自主飞行器探测跟踪系统.pdf,https://github.com/CCBP/NUEDC_Topic/blob/main/2017/C_%E5%9B%9B%E6%97%8B%E7%BF%BC%E8%87%AA%E4%B8%BB%E9%A3%9E%E8%A1%8C%E5%99%A8%E6%8E%A2%E6%B5%8B%E8%B7%9F%E8%B8%AA%E7%B3%BB%E7%BB%9F.pdf
2017,national,E,自适应滤波器,power-electronics;analog-rf,general-embedded,nuedc-topic,2017/E_自适应滤波器.pdf,https://github.com/CCBP/NUEDC_Topic/blob/main/2017/E_%E8%87%AA%E9%80%82%E5%BA%94%E6%BB%A4%E6%B3%A2%E5%99%A8.pdf
2017,national,F,调幅信号处理实验电路,integrated-system,rf-front-end,nuedc-topic,2017/F_调幅信号处理实验电路.pdf,https://github.com/CCBP/NUEDC_Topic/blob/main/2017/F_%E8%B0%83%E5%B9%85%E4%BF%A1%E5%8F%B7%E5%A4%84%E7%90%86%E5%AE%9E%E9%AA%8C%E7%94%B5%E8%B7%AF.pdf
2017,national,H,远程幅频特性测试装置,integrated-system,general-embedded,nuedc-topic,2017/H_远程幅频特性测试装置.pdf,https://github.com/CCBP/NUEDC_Topic/blob/main/2017/H_%E8%BF%9C%E7%A8%8B%E5%B9%85%E9%A2%91%E7%89%B9%E6%80%A7%E6%B5%8B%E8%AF%95%E8%A3%85%E7%BD%AE.pdf
2017,national,I,可见光室内定位装置,communications-network,general-embedded,nuedc-topic,2017/I_可见光室内定位装置.pdf,https://github.com/CCBP/NUEDC_Topic/blob/main/2017/I_%E5%8F%AF%E8%A7%81%E5%85%89%E5%AE%A4%E5%86%85%E5%AE%9A%E4%BD%8D%E8%A3%85%E7%BD%AE.pdf
2017,national,K,单相用电器分析监测装置,sensing-vision-ai,general-embedded,nuedc-topic,2017/K_单相用电器分析监测装置.pdf,https://github.com/CCBP/NUEDC_Topic/blob/main/2017/K_%E5%8D%95%E7%9B%B8%E7%94%A8%E7%94%B5%E5%99%A8%E5%88%86%E6%9E%90%E7%9B%91%E6%B5%8B%E8%A3%85%E7%BD%AE.pdf
2017,national,L,自动泊车系统,control-robotics,general-embedded,nuedc-topic,2017/L_自动泊车系统.pdf,https://github.com/CCBP/NUEDC_Topic/blob/main/2017/L_%E8%87%AA%E5%8A%A8%E6%B3%8A%E8%BD%A6%E7%B3%BB%E7%BB%9F.pdf
2017,national,M,管道内钢珠运动测量装置,instrumentation,precision-analog,nuedc-topic,2017/M_管道内钢珠运动测量装置.pdf,https://github.com/CCBP/NUEDC_Topic/blob/main/2017/M_%E7%AE%A1%E9%81%93%E5%86%85%E9%92%A2%E7%8F%A0%E8%BF%90%E5%8A%A8%E6%B5%8B%E9%87%8F%E8%A3%85%E7%BD%AE.pdf
2017,national,O,直流电动机测速装置,integrated-system,general-embedded,nuedc-topic,2017/O_直流电动机测速装置.pdf,https://github.com/CCBP/NUEDC_Topic/blob/main/2017/O_%E7%9B%B4%E6%B5%81%E7%94%B5%E5%8A%A8%E6%9C%BA%E6%B5%8B%E9%80%9F%E8%A3%85%E7%BD%AE.pdf
2017,national,P,简易水情检测系统,instrumentation;biomedical-environmental,general-embedded,nuedc-topic,2017/P_简易水情检测系统.pdf,https://github.com/CCBP/NUEDC_Topic/blob/main/2017/P_%E7%AE%80%E6%98%93%E6%B0%B4%E6%83%85%E6%A3%80%E6%B5%8B%E7%B3%BB%E7%BB%9F.pdf
2018,national,A,电流信号检测装置,instrumentation,general-embedded,nuedc-topic,2018/A_电流信号检测装置.docx,https://github.com/CCBP/NUEDC_Topic/blob/main/2018/A_%E7%94%B5%E6%B5%81%E4%BF%A1%E5%8F%B7%E6%A3%80%E6%B5%8B%E8%A3%85%E7%BD%AE.docx
2018,national,B,灭火飞行器,control-robotics,motor-drive;mechanical-system,nuedc-topic,2018/B_灭火飞行器.docx,https://github.com/CCBP/NUEDC_Topic/blob/main/2018/B_%E7%81%AD%E7%81%AB%E9%A3%9E%E8%A1%8C%E5%99%A8.docx
2018,national,C,无线充电电动小车,power-electronics;control-robotics;communications-network,power-stage;motor-drive;rf-front-end;mechanical-system,nuedc-topic,2018/C_无线充电电动小车.docx,https://github.com/CCBP/NUEDC_Topic/blob/main/2018/C_%E6%97%A0%E7%BA%BF%E5%85%85%E7%94%B5%E7%94%B5%E5%8A%A8%E5%B0%8F%E8%BD%A6.docx
2018,national,D,手势识别,sensing-vision-ai,vision-compute,nuedc-topic,2018/D_手势识别.docx,https://github.com/CCBP/NUEDC_Topic/blob/main/2018/D_%E6%89%8B%E5%8A%BF%E8%AF%86%E5%88%AB.docx
2018,national,E,能量回收装置,integrated-system,general-embedded,nuedc-topic,2018/E_能量回收装置.docx,https://github.com/CCBP/NUEDC_Topic/blob/main/2018/E_%E8%83%BD%E9%87%8F%E5%9B%9E%E6%94%B6%E8%A3%85%E7%BD%AE.docx
2018,national,F,无线话筒扩音系统,communications-network,rf-front-end;audio-chain,nuedc-topic,2018/F_无线话筒扩音系统.docx,https://github.com/CCBP/NUEDC_Topic/blob/main/2018/F_%E6%97%A0%E7%BA%BF%E8%AF%9D%E7%AD%92%E6%89%A9%E9%9F%B3%E7%B3%BB%E7%BB%9F.docx
2018,national,G,简易数字信号时序分析装置,digital-systems-fpga,general-embedded,nuedc-topic,2018/G_简易数字信号时序分析装置.doc,https://github.com/CCBP/NUEDC_Topic/blob/main/2018/G_%E7%AE%80%E6%98%93%E6%95%B0%E5%AD%97%E4%BF%A1%E5%8F%B7%E6%97%B6%E5%BA%8F%E5%88%86%E6%9E%90%E8%A3%85%E7%BD%AE.doc
2018,national,H,简易功率测量装置,power-electronics;instrumentation,precision-analog,nuedc-topic,2018/H_简易功率测量装置.docx,https://github.com/CCBP/NUEDC_Topic/blob/main/2018/H_%E7%AE%80%E6%98%93%E5%8A%9F%E7%8E%87%E6%B5%8B%E9%87%8F%E8%A3%85%E7%BD%AE.docx
2019,national,A,电动小车动态无线充电系统,power-electronics;control-robotics;communications-network,power-stage;motor-drive;rf-front-end;mechanical-system,nuedc-topic,2019/A_电动小车动态无线充电系统.pdf,https://github.com/CCBP/NUEDC_Topic/blob/main/2019/A_%E7%94%B5%E5%8A%A8%E5%B0%8F%E8%BD%A6%E5%8A%A8%E6%80%81%E6%97%A0%E7%BA%BF%E5%85%85%E7%94%B5%E7%B3%BB%E7%BB%9F.pdf
2019,national,B,巡线机器人,control-robotics,motor-drive;mechanical-system,nuedc-topic,2019/B_巡线机器人.pdf,https://github.com/CCBP/NUEDC_Topic/blob/main/2019/B_%E5%B7%A1%E7%BA%BF%E6%9C%BA%E5%99%A8%E4%BA%BA.pdf
2019,national,C,线路负载及故障检测装置,power-electronics;instrumentation,power-stage,nuedc-topic,2019/C_线路负载及故障检测装置.pdf,https://github.com/CCBP/NUEDC_Topic/blob/main/2019/C_%E7%BA%BF%E8%B7%AF%E8%B4%9F%E8%BD%BD%E5%8F%8A%E6%95%85%E9%9A%9C%E6%A3%80%E6%B5%8B%E8%A3%85%E7%BD%AE.pdf
2019,national,D,简易电路特性测试仪,instrumentation,precision-analog,nuedc-topic,2019/D_简易电路特性测试仪.pdf,https://github.com/CCBP/NUEDC_Topic/blob/main/2019/D_%E7%AE%80%E6%98%93%E7%94%B5%E8%B7%AF%E7%89%B9%E6%80%A7%E6%B5%8B%E8%AF%95%E4%BB%AA.pdf
2019,national,E,基于互联网的信号传输系统,communications-network,network-phy,nuedc-topic,2019/E_基于互联网的信号传输系统.pdf,https://github.com/CCBP/NUEDC_Topic/blob/main/2019/E_%E5%9F%BA%E4%BA%8E%E4%BA%92%E8%81%94%E7%BD%91%E7%9A%84%E4%BF%A1%E5%8F%B7%E4%BC%A0%E8%BE%93%E7%B3%BB%E7%BB%9F.pdf
2019,national,F,纸张计数显示装置,instrumentation;sensing-vision-ai,general-embedded,nuedc-topic,2019/F_纸张计数显示装置.pdf,https://github.com/CCBP/NUEDC_Topic/blob/main/2019/F_%E7%BA%B8%E5%BC%A0%E8%AE%A1%E6%95%B0%E6%98%BE%E7%A4%BA%E8%A3%85%E7%BD%AE.pdf
2019,national,G,双路语音同传的无线收发系统,communications-network,rf-front-end;audio-chain,nuedc-topic,2019/G_双路语音同传的无线收发系统.pdf,https://github.com/CCBP/NUEDC_Topic/blob/main/2019/G_%E5%8F%8C%E8%B7%AF%E8%AF%AD%E9%9F%B3%E5%90%8C%E4%BC%A0%E7%9A%84%E6%97%A0%E7%BA%BF%E6%94%B6%E5%8F%91%E7%B3%BB%E7%BB%9F.pdf
2019,national,H,模拟电磁曲射炮,integrated-system,general-embedded,nuedc-topic,2019/H_模拟电磁曲射炮.pdf,https://github.com/CCBP/NUEDC_Topic/blob/main/2019/H_%E6%A8%A1%E6%8B%9F%E7%94%B5%E7%A3%81%E6%9B%B2%E5%B0%84%E7%82%AE.pdf
2019,national,I,LED线阵显示装置,digital-systems-fpga,general-embedded,nuedc-topic,2019/I_LED线阵显示装置.pdf,https://github.com/CCBP/NUEDC_Topic/blob/main/2019/I_LED%E7%BA%BF%E9%98%B5%E6%98%BE%E7%A4%BA%E8%A3%85%E7%BD%AE.pdf
2019,national,J,模拟电磁曲射炮,integrated-system,general-embedded,nuedc-topic,2019/J_模拟电磁曲射炮.pdf,https://github.com/CCBP/NUEDC_Topic/blob/main/2019/J_%E6%A8%A1%E6%8B%9F%E7%94%B5%E7%A3%81%E6%9B%B2%E5%B0%84%E7%82%AE.pdf
2019,national,K,简易多功能液体容器,sensing-vision-ai,general-embedded,nuedc-topic,2019/K_简易多功能液体容器.pdf,https://github.com/CCBP/NUEDC_Topic/blob/main/2019/K_%E7%AE%80%E6%98%93%E5%A4%9A%E5%8A%9F%E8%83%BD%E6%B6%B2%E4%BD%93%E5%AE%B9%E5%99%A8.pdf
2020,national,A,无线运动传感器节点设计,communications-network,rf-front-end,nuedc-topic,2020/A_无线运动传感器节点设计.pdf,https://github.com/CCBP/NUEDC_Topic/blob/main/2020/A_%E6%97%A0%E7%BA%BF%E8%BF%90%E5%8A%A8%E4%BC%A0%E6%84%9F%E5%99%A8%E8%8A%82%E7%82%B9%E8%AE%BE%E8%AE%A1.pdf
2020,national,B,单相在线式不间断电源,power-electronics,power-stage,nuedc-topic,2020/B_单相在线式不间断电源.pdf,https://github.com/CCBP/NUEDC_Topic/blob/main/2020/B_%E5%8D%95%E7%9B%B8%E5%9C%A8%E7%BA%BF%E5%BC%8F%E4%B8%8D%E9%97%B4%E6%96%AD%E7%94%B5%E6%BA%90.pdf
2020,national,C,坡道行驶电动小车,control-robotics,motor-drive;mechanical-system,nuedc-topic,2020/C_坡道行驶电动小车.pdf,https://github.com/CCBP/NUEDC_Topic/blob/main/2020/C_%E5%9D%A1%E9%81%93%E8%A1%8C%E9%A9%B6%E7%94%B5%E5%8A%A8%E5%B0%8F%E8%BD%A6.pdf
2020,national,D,绕障飞行器,control-robotics,motor-drive;mechanical-system,nuedc-topic,2020/D_绕障飞行器.pdf,https://github.com/CCBP/NUEDC_Topic/blob/main/2020/D_%E7%BB%95%E9%9A%9C%E9%A3%9E%E8%A1%8C%E5%99%A8.pdf
2020,national,E,放大器非线性失真研究装置,analog-rf,general-embedded,nuedc-topic,2020/E_ 放大器非线性失真研究装置.pdf,https://github.com/CCBP/NUEDC_Topic/blob/main/2020/E_%20%E6%94%BE%E5%A4%A7%E5%99%A8%E9%9D%9E%E7%BA%BF%E6%80%A7%E5%A4%B1%E7%9C%9F%E7%A0%94%E7%A9%B6%E8%A3%85%E7%BD%AE.pdf
2020,national,F,简易无接触温度测量与身份识别装置,instrumentation;sensing-vision-ai,precision-analog;vision-compute,nuedc-topic,2020/F_简易无接触温度测量与身份识别装置.pdf,https://github.com/CCBP/NUEDC_Topic/blob/main/2020/F_%E7%AE%80%E6%98%93%E6%97%A0%E6%8E%A5%E8%A7%A6%E6%B8%A9%E5%BA%A6%E6%B5%8B%E9%87%8F%E4%B8%8E%E8%BA%AB%E4%BB%BD%E8%AF%86%E5%88%AB%E8%A3%85%E7%BD%AE.pdf
2020,national,G,非接触物体尺寸形态测量,instrumentation;sensing-vision-ai,precision-analog,nuedc-topic,2020/G_非接触物体尺寸形态测量.pdf,https://github.com/CCBP/NUEDC_Topic/blob/main/2020/G_%E9%9D%9E%E6%8E%A5%E8%A7%A6%E7%89%A9%E4%BD%93%E5%B0%BA%E5%AF%B8%E5%BD%A2%E6%80%81%E6%B5%8B%E9%87%8F.pdf
2021,national,A,信号失真度测量装置,analog-rf;instrumentation,precision-analog,nuedc-topic,2021/A_信号失真度测量装置.pdf,https://github.com/CCBP/NUEDC_Topic/blob/main/2021/A_%E4%BF%A1%E5%8F%B7%E5%A4%B1%E7%9C%9F%E5%BA%A6%E6%B5%8B%E9%87%8F%E8%A3%85%E7%BD%AE.pdf
2021,national,B,三相AC-DC变换电路,power-electronics,power-stage,nuedc-topic,2021/B_三相AC-DC变换电路.pdf,https://github.com/CCBP/NUEDC_Topic/blob/main/2021/B_%E4%B8%89%E7%9B%B8AC-DC%E5%8F%98%E6%8D%A2%E7%94%B5%E8%B7%AF.pdf
2021,national,C,三端口DC-DC变换器,power-electronics,power-stage,nuedc-topic,2021/C_三端口DC-DC变换器.pdf,https://github.com/CCBP/NUEDC_Topic/blob/main/2021/C_%E4%B8%89%E7%AB%AF%E5%8F%A3DC-DC%E5%8F%98%E6%8D%A2%E5%99%A8.pdf
2021,national,D,基于互联网的摄像测量系统,instrumentation;sensing-vision-ai,precision-analog;vision-compute;network-phy,nuedc-topic,2021/D_基于互联网的摄像测量系统.pdf,https://github.com/CCBP/NUEDC_Topic/blob/main/2021/D_%E5%9F%BA%E4%BA%8E%E4%BA%92%E8%81%94%E7%BD%91%E7%9A%84%E6%91%84%E5%83%8F%E6%B5%8B%E9%87%8F%E7%B3%BB%E7%BB%9F.pdf
2021,national,E,数字-模拟信号混合传输收发机,communications-network,general-embedded,nuedc-topic,2021/E_数字-模拟信号混合传输收发机.pdf,https://github.com/CCBP/NUEDC_Topic/blob/main/2021/E_%E6%95%B0%E5%AD%97-%E6%A8%A1%E6%8B%9F%E4%BF%A1%E5%8F%B7%E6%B7%B7%E5%90%88%E4%BC%A0%E8%BE%93%E6%94%B6%E5%8F%91%E6%9C%BA.pdf
2021,national,F,智能送药小车,control-robotics;biomedical-environmental,motor-drive;mechanical-system,nuedc-topic,2021/F_智能送药小车.pdf,https://github.com/CCBP/NUEDC_Topic/blob/main/2021/F_%E6%99%BA%E8%83%BD%E9%80%81%E8%8D%AF%E5%B0%8F%E8%BD%A6.pdf
2021,national,G,植保飞行器,control-robotics;biomedical-environmental,motor-drive;mechanical-system,nuedc-topic,2021/G_植保飞行器.pdf,https://github.com/CCBP/NUEDC_Topic/blob/main/2021/G_%E6%A4%8D%E4%BF%9D%E9%A3%9E%E8%A1%8C%E5%99%A8.pdf
2021,national,H,用电器分析识别装置,sensing-vision-ai,vision-compute,nuedc-topic,2021/H_用电器分析识别装置.pdf,https://github.com/CCBP/NUEDC_Topic/blob/main/2021/H_%E7%94%A8%E7%94%B5%E5%99%A8%E5%88%86%E6%9E%90%E8%AF%86%E5%88%AB%E8%A3%85%E7%BD%AE.pdf
2021,national,I,具有发电功能的储能小车,power-electronics;control-robotics,motor-drive;mechanical-system,nuedc-topic,2021/I_具有发电功能的储能小车.pdf,https://github.com/CCBP/NUEDC_Topic/blob/main/2021/I_%E5%85%B7%E6%9C%89%E5%8F%91%E7%94%B5%E5%8A%9F%E8%83%BD%E7%9A%84%E5%82%A8%E8%83%BD%E5%B0%8F%E8%BD%A6.pdf
2021,national,J,周期信号波形识别及参数测量装置,instrumentation;sensing-vision-ai,precision-analog;high-speed-sampling;vision-compute,nuedc-topic,2021/J_周期信号波形识别及参数测量装置.pdf,https://github.com/CCBP/NUEDC_Topic/blob/main/2021/J_%E5%91%A8%E6%9C%9F%E4%BF%A1%E5%8F%B7%E6%B3%A2%E5%BD%A2%E8%AF%86%E5%88%AB%E5%8F%8A%E5%8F%82%E6%95%B0%E6%B5%8B%E9%87%8F%E8%A3%85%E7%BD%AE.pdf
2021,national,K,照度稳定可调LED台灯,integrated-system,general-embedded,nuedc-topic,2021/K_照度稳定可调LED台灯.pdf,https://github.com/CCBP/NUEDC_Topic/blob/main/2021/K_%E7%85%A7%E5%BA%A6%E7%A8%B3%E5%AE%9A%E5%8F%AF%E8%B0%83LED%E5%8F%B0%E7%81%AF.pdf
2022,national-july,A,单相交流电子负载,power-electronics,power-stage,nuedc-topic,2022/7月/A_单相交流电子负载.pdf,https://github.com/CCBP/NUEDC_Topic/blob/main/2022/7%E6%9C%88/A_%E5%8D%95%E7%9B%B8%E4%BA%A4%E6%B5%81%E7%94%B5%E5%AD%90%E8%B4%9F%E8%BD%BD.pdf
2022,national-july,B,送货无人机,control-robotics,general-embedded,nuedc-topic,2022/7月/B_送货无人机.pdf,https://github.com/CCBP/NUEDC_Topic/blob/main/2022/7%E6%9C%88/B_%E9%80%81%E8%B4%A7%E6%97%A0%E4%BA%BA%E6%9C%BA.pdf
2022,national-july,C,小车跟随行驶系统,control-robotics,motor-drive;mechanical-system,nuedc-topic,2022/7月/C_小车跟随行驶系统.pdf,https://github.com/CCBP/NUEDC_Topic/blob/main/2022/7%E6%9C%88/C_%E5%B0%8F%E8%BD%A6%E8%B7%9F%E9%9A%8F%E8%A1%8C%E9%A9%B6%E7%B3%BB%E7%BB%9F.pdf
2022,national-july,D,混沌信号发生器,analog-rf,general-embedded,nuedc-topic,2022/7月/D_混沌信号发生器.pdf,https://github.com/CCBP/NUEDC_Topic/blob/main/2022/7%E6%9C%88/D_%E6%B7%B7%E6%B2%8C%E4%BF%A1%E5%8F%B7%E5%8F%91%E7%94%9F%E5%99%A8.pdf
2022,national-july,E,声源定位跟踪系统,control-robotics;communications-network;sensing-vision-ai,audio-chain,nuedc-topic,2022/7月/E_声源定位跟踪系统.pdf,https://github.com/CCBP/NUEDC_Topic/blob/main/2022/7%E6%9C%88/E_%E5%A3%B0%E6%BA%90%E5%AE%9A%E4%BD%8D%E8%B7%9F%E8%B8%AA%E7%B3%BB%E7%BB%9F.pdf
2022,national-july,F,信号调制度测量装置,analog-rf;instrumentation,precision-analog;high-speed-sampling,nuedc-topic,2022/7月/F_信号调制度测量装置.pdf,https://github.com/CCBP/NUEDC_Topic/blob/main/2022/7%E6%9C%88/F_%E4%BF%A1%E5%8F%B7%E8%B0%83%E5%88%B6%E5%BA%A6%E6%B5%8B%E9%87%8F%E8%A3%85%E7%BD%AE.pdf
2022,national-july,G,单相交流负载模拟单元,power-electronics,power-stage,nuedc-topic,2022/7月/G_单相交流负载模拟单元.pdf,https://github.com/CCBP/NUEDC_Topic/blob/main/2022/7%E6%9C%88/G_%E5%8D%95%E7%9B%B8%E4%BA%A4%E6%B5%81%E8%B4%9F%E8%BD%BD%E6%A8%A1%E6%8B%9F%E5%8D%95%E5%85%83.pdf
2022,national-july,H,小车跟随行驶系统,control-robotics,motor-drive;mechanical-system,nuedc-topic,2022/7月/H_小车跟随行驶系统.pdf,https://github.com/CCBP/NUEDC_Topic/blob/main/2022/7%E6%9C%88/H_%E5%B0%8F%E8%BD%A6%E8%B7%9F%E9%9A%8F%E8%A1%8C%E9%A9%B6%E7%B3%BB%E7%BB%9F.pdf
2022,national-july,I,声源定位跟踪系统,control-robotics;communications-network;sensing-vision-ai,audio-chain,nuedc-topic,2022/7月/I_声源定位跟踪系统.pdf,https://github.com/CCBP/NUEDC_Topic/blob/main/2022/7%E6%9C%88/I_%E5%A3%B0%E6%BA%90%E5%AE%9A%E4%BD%8D%E8%B7%9F%E8%B8%AA%E7%B3%BB%E7%BB%9F.pdf
2022,national-october,A,无线充电可循迹电动小车,power-electronics;control-robotics;communications-network,power-stage;motor-drive;rf-front-end;mechanical-system,nuedc-topic,2022/10月/A题-无线充电可循迹电动小车.pdf,https://github.com/CCBP/NUEDC_Topic/blob/main/2022/10%E6%9C%88/A%E9%A2%98-%E6%97%A0%E7%BA%BF%E5%85%85%E7%94%B5%E5%8F%AF%E5%BE%AA%E8%BF%B9%E7%94%B5%E5%8A%A8%E5%B0%8F%E8%BD%A6.pdf
2022,national-october,B,具有自动泊车功能的电动车,control-robotics,general-embedded,nuedc-topic,2022/10月/B题-具有自动泊车功能的电动车.pdf,https://github.com/CCBP/NUEDC_Topic/blob/main/2022/10%E6%9C%88/B%E9%A2%98-%E5%85%B7%E6%9C%89%E8%87%AA%E5%8A%A8%E6%B3%8A%E8%BD%A6%E5%8A%9F%E8%83%BD%E7%9A%84%E7%94%B5%E5%8A%A8%E8%BD%A6.pdf
2022,national-october,C,有源二分频音频放大电路,analog-rf,audio-chain,nuedc-topic,2022/10月/C题-有源二分频音频放大电路.pdf,https://github.com/CCBP/NUEDC_Topic/blob/main/2022/10%E6%9C%88/C%E9%A2%98-%E6%9C%89%E6%BA%90%E4%BA%8C%E5%88%86%E9%A2%91%E9%9F%B3%E9%A2%91%E6%94%BE%E5%A4%A7%E7%94%B5%E8%B7%AF.pdf
2022,national-october,D,盲盒识别装置,sensing-vision-ai,vision-compute,nuedc-topic,2022/10月/D题-盲盒识别装置.pdf,https://github.com/CCBP/NUEDC_Topic/blob/main/2022/10%E6%9C%88/D%E9%A2%98-%E7%9B%B2%E7%9B%92%E8%AF%86%E5%88%AB%E8%A3%85%E7%BD%AE.pdf
2022,national-october,E,基于CC3200的无线监视系统,communications-network,rf-front-end,nuedc-topic,2022/10月/E题-基于CC3200的无线监视系统.pdf,https://github.com/CCBP/NUEDC_Topic/blob/main/2022/10%E6%9C%88/E%E9%A2%98-%E5%9F%BA%E4%BA%8ECC3200%E7%9A%84%E6%97%A0%E7%BA%BF%E7%9B%91%E8%A7%86%E7%B3%BB%E7%BB%9F.pdf
2023,national,A,单相逆变器并联运行系统,power-electronics,power-stage,nuedc-topic,2023/A_单相逆变器并联运行系统.pdf,https://github.com/CCBP/NUEDC_Topic/blob/main/2023/A_%E5%8D%95%E7%9B%B8%E9%80%86%E5%8F%98%E5%99%A8%E5%B9%B6%E8%81%94%E8%BF%90%E8%A1%8C%E7%B3%BB%E7%BB%9F.pdf
2023,national,B,同轴电缆长度与终端负载检测装置,power-electronics;instrumentation;communications-network,power-stage,nuedc-topic,2023/B_同轴电缆长度与终端负载检测装置.pdf,https://github.com/CCBP/NUEDC_Topic/blob/main/2023/B_%E5%90%8C%E8%BD%B4%E7%94%B5%E7%BC%86%E9%95%BF%E5%BA%A6%E4%B8%8E%E7%BB%88%E7%AB%AF%E8%B4%9F%E8%BD%BD%E6%A3%80%E6%B5%8B%E8%A3%85%E7%BD%AE.pdf
2023,national,C,电感电容测量装置,instrumentation,precision-analog,nuedc-topic,2023/C_电感电容测量装置.pdf,https://github.com/CCBP/NUEDC_Topic/blob/main/2023/C_%E7%94%B5%E6%84%9F%E7%94%B5%E5%AE%B9%E6%B5%8B%E9%87%8F%E8%A3%85%E7%BD%AE.pdf
2023,national,D,信号调制方式识别与参数估计装置,analog-rf;instrumentation;sensing-vision-ai,high-speed-sampling;vision-compute,nuedc-topic,2023/D_信号调制方式识别与参数估计装置.pdf,https://github.com/CCBP/NUEDC_Topic/blob/main/2023/D_%E4%BF%A1%E5%8F%B7%E8%B0%83%E5%88%B6%E6%96%B9%E5%BC%8F%E8%AF%86%E5%88%AB%E4%B8%8E%E5%8F%82%E6%95%B0%E4%BC%B0%E8%AE%A1%E8%A3%85%E7%BD%AE.pdf
2023,national,E,运动目标控制与自动追踪系统,control-robotics,general-embedded,nuedc-topic,2023/E_运动目标控制与自动追踪系统.pdf,https://github.com/CCBP/NUEDC_Topic/blob/main/2023/E_%E8%BF%90%E5%8A%A8%E7%9B%AE%E6%A0%87%E6%8E%A7%E5%88%B6%E4%B8%8E%E8%87%AA%E5%8A%A8%E8%BF%BD%E8%B8%AA%E7%B3%BB%E7%BB%9F.pdf
2023,national,F,基于声传播的智能定位系统,communications-network,general-embedded,nuedc-topic,2023/F_基于声传播的智能定位系统.pdf,https://github.com/CCBP/NUEDC_Topic/blob/main/2023/F_%E5%9F%BA%E4%BA%8E%E5%A3%B0%E4%BC%A0%E6%92%AD%E7%9A%84%E6%99%BA%E8%83%BD%E5%AE%9A%E4%BD%8D%E7%B3%BB%E7%BB%9F.pdf
2023,national,G,空地协同智能消防系统,biomedical-environmental,general-embedded,nuedc-topic,2023/G_空地协同智能消防系统.pdf,https://github.com/CCBP/NUEDC_Topic/blob/main/2023/G_%E7%A9%BA%E5%9C%B0%E5%8D%8F%E5%90%8C%E6%99%BA%E8%83%BD%E6%B6%88%E9%98%B2%E7%B3%BB%E7%BB%9F.pdf
2023,national,H,信号分离装置,integrated-system,general-embedded,nuedc-topic,2023/H_信号分离装置.pdf,https://github.com/CCBP/NUEDC_Topic/blob/main/2023/H_%E4%BF%A1%E5%8F%B7%E5%88%86%E7%A6%BB%E8%A3%85%E7%BD%AE.pdf
2023,national,I,气垫悬浮车,control-robotics,motor-drive;mechanical-system,nuedc-topic,2023/I_气垫悬浮车.pdf,https://github.com/CCBP/NUEDC_Topic/blob/main/2023/I_%E6%B0%94%E5%9E%AB%E6%82%AC%E6%B5%AE%E8%BD%A6.pdf
2023,national,J,线路故障自动检测系统,instrumentation,general-embedded,nuedc-topic,2023/J_线路故障自动检测系统.pdf,https://github.com/CCBP/NUEDC_Topic/blob/main/2023/J_%E7%BA%BF%E8%B7%AF%E6%95%85%E9%9A%9C%E8%87%AA%E5%8A%A8%E6%A3%80%E6%B5%8B%E7%B3%BB%E7%BB%9F.pdf
2023,national,K,辨音识键奏乐系统,sensing-vision-ai,audio-chain,nuedc-topic,2023/K_辨音识键奏乐系统.pdf,https://github.com/CCBP/NUEDC_Topic/blob/main/2023/K_%E8%BE%A8%E9%9F%B3%E8%AF%86%E9%94%AE%E5%A5%8F%E4%B9%90%E7%B3%BB%E7%BB%9F.pdf
2024,national,A,AC-AC变换电路并联运行,power-electronics,power-stage,nuedc-topic,2024/A题_AC-AC变换电路并联运行.pdf,https://github.com/CCBP/NUEDC_Topic/blob/main/2024/A%E9%A2%98_AC-AC%E5%8F%98%E6%8D%A2%E7%94%B5%E8%B7%AF%E5%B9%B6%E8%81%94%E8%BF%90%E8%A1%8C.pdf
2024,national,B,单相功率分析仪,power-electronics;instrumentation,general-embedded,nuedc-topic,2024/B题_单相功率分析仪.pdf,https://github.com/CCBP/NUEDC_Topic/blob/main/2024/B%E9%A2%98_%E5%8D%95%E7%9B%B8%E5%8A%9F%E7%8E%87%E5%88%86%E6%9E%90%E4%BB%AA.pdf
2024,national,C,无线传输信号模拟系统,communications-network,rf-front-end,nuedc-topic,2024/C题_无线传输信号模拟系统.pdf,https://github.com/CCBP/NUEDC_Topic/blob/main/2024/C%E9%A2%98_%E6%97%A0%E7%BA%BF%E4%BC%A0%E8%BE%93%E4%BF%A1%E5%8F%B7%E6%A8%A1%E6%8B%9F%E7%B3%BB%E7%BB%9F.pdf
2024,national,D,立体货架盘点无人机系统,control-robotics,mechanical-system,nuedc-topic,2024/D题_立体货架盘点无人机系统.pdf,https://github.com/CCBP/NUEDC_Topic/blob/main/2024/D%E9%A2%98_%E7%AB%8B%E4%BD%93%E8%B4%A7%E6%9E%B6%E7%9B%98%E7%82%B9%E6%97%A0%E4%BA%BA%E6%9C%BA%E7%B3%BB%E7%BB%9F.pdf
2024,national,E,三子棋游戏装置,digital-systems-fpga,general-embedded,nuedc-topic,2024/E题_三子棋游戏装置.pdf,https://github.com/CCBP/NUEDC_Topic/blob/main/2024/E%E9%A2%98_%E4%B8%89%E5%AD%90%E6%A3%8B%E6%B8%B8%E6%88%8F%E8%A3%85%E7%BD%AE.pdf
2024,national,F,磁悬浮实验装置,control-robotics,motor-drive;mechanical-system,nuedc-topic,2024/F题_磁悬浮实验装置.pdf,https://github.com/CCBP/NUEDC_Topic/blob/main/2024/F%E9%A2%98_%E7%A3%81%E6%82%AC%E6%B5%AE%E5%AE%9E%E9%AA%8C%E8%A3%85%E7%BD%AE.pdf
2024,national,G,简易录音屏蔽系统,integrated-system,audio-chain,nuedc-topic,2024/G题_简易录音屏蔽系统.pdf,https://github.com/CCBP/NUEDC_Topic/blob/main/2024/G%E9%A2%98_%E7%AE%80%E6%98%93%E5%BD%95%E9%9F%B3%E5%B1%8F%E8%94%BD%E7%B3%BB%E7%BB%9F.pdf
2024,national,H,自动行驶小车,control-robotics,motor-drive;mechanical-system,nuedc-topic,2024/H题_自动行驶小车.pdf,https://github.com/CCBP/NUEDC_Topic/blob/main/2024/H%E9%A2%98_%E8%87%AA%E5%8A%A8%E8%A1%8C%E9%A9%B6%E5%B0%8F%E8%BD%A6.pdf
2025,national,A,能量回馈的变流器负载试验装置,power-electronics,power-stage,nuedc-topic,2025/A题_能量回馈的变流器负载试验装置.pdf,https://github.com/CCBP/NUEDC_Topic/blob/main/2025/A%E9%A2%98_%E8%83%BD%E9%87%8F%E5%9B%9E%E9%A6%88%E7%9A%84%E5%8F%98%E6%B5%81%E5%99%A8%E8%B4%9F%E8%BD%BD%E8%AF%95%E9%AA%8C%E8%A3%85%E7%BD%AE.pdf
2025,national,B,单相有源电力滤波实验装置,power-electronics,general-embedded,nuedc-topic,2025/B题_单相有源电力滤波实验装置.pdf,https://github.com/CCBP/NUEDC_Topic/blob/main/2025/B%E9%A2%98_%E5%8D%95%E7%9B%B8%E6%9C%89%E6%BA%90%E7%94%B5%E5%8A%9B%E6%BB%A4%E6%B3%A2%E5%AE%9E%E9%AA%8C%E8%A3%85%E7%BD%AE.pdf
2025,national,C,基于单目视觉的目标物测量装置,instrumentation;sensing-vision-ai,precision-analog;vision-compute,nuedc-topic,2025/C题_基于单目视觉的目标物测量装置.pdf,https://github.com/CCBP/NUEDC_Topic/blob/main/2025/C%E9%A2%98_%E5%9F%BA%E4%BA%8E%E5%8D%95%E7%9B%AE%E8%A7%86%E8%A7%89%E7%9A%84%E7%9B%AE%E6%A0%87%E7%89%A9%E6%B5%8B%E9%87%8F%E8%A3%85%E7%BD%AE.pdf
2025,national,D,简易以太网双绞线测试仪,instrumentation;communications-network,precision-analog;high-speed-sampling;network-phy,nuedc-topic,2025/D题_简易以太网双绞线测试仪.pdf,https://github.com/CCBP/NUEDC_Topic/blob/main/2025/D%E9%A2%98_%E7%AE%80%E6%98%93%E4%BB%A5%E5%A4%AA%E7%BD%91%E5%8F%8C%E7%BB%9E%E7%BA%BF%E6%B5%8B%E8%AF%95%E4%BB%AA.pdf
2025,national,E,简易自行瞄准装置,control-robotics,motor-drive,nuedc-topic,2025/E题_简易自行瞄准装置.pdf,https://github.com/CCBP/NUEDC_Topic/blob/main/2025/E%E9%A2%98_%E7%AE%80%E6%98%93%E8%87%AA%E8%A1%8C%E7%9E%84%E5%87%86%E8%A3%85%E7%BD%AE.pdf
2025,national,F,简易自动接收机,analog-rf,rf-front-end,nuedc-topic,2025/F题_简易自动接收机.pdf,https://github.com/CCBP/NUEDC_Topic/blob/main/2025/F%E9%A2%98_%E7%AE%80%E6%98%93%E8%87%AA%E5%8A%A8%E6%8E%A5%E6%94%B6%E6%9C%BA.pdf
2025,national,G,电路模型探究装置,integrated-system,general-embedded,nuedc-topic,2025/G题_电路模型探究装置.pdf,https://github.com/CCBP/NUEDC_Topic/blob/main/2025/G%E9%A2%98_%E7%94%B5%E8%B7%AF%E6%A8%A1%E5%9E%8B%E6%8E%A2%E7%A9%B6%E8%A3%85%E7%BD%AE.pdf
2025,national,H,野生动物巡查系统,control-robotics;biomedical-environmental,vision-compute,nuedc-topic,2025/H题_野生动物巡查系统.pdf,https://github.com/CCBP/NUEDC_Topic/blob/main/2025/H%E9%A2%98_%E9%87%8E%E7%94%9F%E5%8A%A8%E7%89%A9%E5%B7%A1%E6%9F%A5%E7%B3%BB%E7%BB%9F.pdf
2025,national,I,非接触式控制盘,control-robotics,general-embedded,chenshuo-nuedc,2025_I题_非接触式控制盘.pdf,https://github.com/chenshuo/nuedc/blob/main/docs/problems/2025_I%E9%A2%98_%E9%9D%9E%E6%8E%A5%E8%A7%A6%E5%BC%8F%E6%8E%A7%E5%88%B6%E7%9B%98.pdf
2025,national,J,超声信标定位系统,communications-network,general-embedded,chenshuo-nuedc,2025_J题_超声信标定位系统.pdf,https://github.com/chenshuo/nuedc/blob/main/docs/problems/2025_J%E9%A2%98_%E8%B6%85%E5%A3%B0%E4%BF%A1%E6%A0%87%E5%AE%9A%E4%BD%8D%E7%B3%BB%E7%BB%9F.pdf
2025,national,K,自动避障小车,control-robotics,motor-drive;mechanical-system,chenshuo-nuedc,2025_K题_自动避障小车.pdf,https://github.com/chenshuo/nuedc/blob/main/docs/problems/2025_K%E9%A2%98_%E8%87%AA%E5%8A%A8%E9%81%BF%E9%9A%9C%E5%B0%8F%E8%BD%A6.pdf
2026,regional-jilin,A,简易扫频仪,integrated-system,general-embedded,nuedc-topic,2026/4月(吉林)/A.简易扫频仪.pdf,https://github.com/CCBP/NUEDC_Topic/blob/main/2026/4%E6%9C%88%28%E5%90%89%E6%9E%97%29/A.%E7%AE%80%E6%98%93%E6%89%AB%E9%A2%91%E4%BB%AA.pdf
2026,regional-jilin,B,智能芯片盒,digital-systems-fpga,general-embedded,nuedc-topic,2026/4月(吉林)/B.智能芯片盒.pdf,https://github.com/CCBP/NUEDC_Topic/blob/main/2026/4%E6%9C%88%28%E5%90%89%E6%9E%97%29/B.%E6%99%BA%E8%83%BD%E8%8A%AF%E7%89%87%E7%9B%92.pdf
2026,regional-jilin,C,自动烤肠机,integrated-system,general-embedded,nuedc-topic,2026/4月(吉林)/C.自动烤肠机.pdf,https://github.com/CCBP/NUEDC_Topic/blob/main/2026/4%E6%9C%88%28%E5%90%89%E6%9E%97%29/C.%E8%87%AA%E5%8A%A8%E7%83%A4%E8%82%A0%E6%9C%BA.pdf
2026,regional-jilin,D,智能寻迹打靶协同系统,control-robotics,general-embedded,nuedc-topic,2026/4月(吉林)/D.智能寻迹打靶协同系统.pdf,https://github.com/CCBP/NUEDC_Topic/blob/main/2026/4%E6%9C%88%28%E5%90%89%E6%9E%97%29/D.%E6%99%BA%E8%83%BD%E5%AF%BB%E8%BF%B9%E6%89%93%E9%9D%B6%E5%8D%8F%E5%90%8C%E7%B3%BB%E7%BB%9F.pdf
2026,regional-jilin,E,轮式智能车,integrated-system,general-embedded,nuedc-topic,2026/4月(吉林)/E.轮式智能车.pdf,https://github.com/CCBP/NUEDC_Topic/blob/main/2026/4%E6%9C%88%28%E5%90%89%E6%9E%97%29/E.%E8%BD%AE%E5%BC%8F%E6%99%BA%E8%83%BD%E8%BD%A6.pdf
2026,regional-jilin,F,直流电机协同,control-robotics,motor-drive,nuedc-topic,2026/4月(吉林)/F.直流电机协同.pdf,https://github.com/CCBP/NUEDC_Topic/blob/main/2026/4%E6%9C%88%28%E5%90%89%E6%9E%97%29/F.%E7%9B%B4%E6%B5%81%E7%94%B5%E6%9C%BA%E5%8D%8F%E5%90%8C.pdf
2026,regional-jilin,G,简易可见光通信装置,communications-network,rf-front-end,nuedc-topic,2026/4月(吉林)/G.简易可见光通信装置 .pdf,https://github.com/CCBP/NUEDC_Topic/blob/main/2026/4%E6%9C%88%28%E5%90%89%E6%9E%97%29/G.%E7%AE%80%E6%98%93%E5%8F%AF%E8%A7%81%E5%85%89%E9%80%9A%E4%BF%A1%E8%A3%85%E7%BD%AE%20.pdf
2026,regional-jilin,H,汉诺塔问题,digital-systems-fpga,general-embedded,nuedc-topic,2026/4月(吉林)/H.汉诺塔问题.pdf,https://github.com/CCBP/NUEDC_Topic/blob/main/2026/4%E6%9C%88%28%E5%90%89%E6%9E%97%29/H.%E6%B1%89%E8%AF%BA%E5%A1%94%E9%97%AE%E9%A2%98.pdf
2026,regional-jilin,I,简易液体容器监控装置,sensing-vision-ai;biomedical-environmental,general-embedded,nuedc-topic,2026/4月(吉林)/I.简易液体容器监控装置.pdf,https://github.com/CCBP/NUEDC_Topic/blob/main/2026/4%E6%9C%88%28%E5%90%89%E6%9E%97%29/I.%E7%AE%80%E6%98%93%E6%B6%B2%E4%BD%93%E5%AE%B9%E5%99%A8%E7%9B%91%E6%8E%A7%E8%A3%85%E7%BD%AE.pdf
